Risk_ID,Patient_ID,Visit_ID,Visit_No,Visit_Date,Disease_Name,Risk_Score,Risk_Category,Risk_Explanation
R0001,P001,V0001,1,2025-01-15,Esophagitis,70,High,"Patient factors: Smoking, Diabetes, Hypertension, Family history of GI disease; Esophagitis (disease risk)"
R0002,P001,V0002,2,2025-07-14,Esophagitis,70,High,"Patient factors: Smoking, Diabetes, Hypertension, Family history of GI disease; Esophagitis (disease risk); Stable chronic condition"
R0003,P001,V0003,3,2026-01-10,Esophagitis,70,High,"Patient factors: Smoking, Diabetes, Hypertension, Family history of GI disease; Esophagitis (disease risk); Stable chronic condition"
R0004,P002,V0004,1,2025-01-15,Polyps,80,Very High,"Patient factors: Age 75, Smoking, Diabetes; Polyps (disease risk)"
R0005,P002,V0005,2,2025-07-14,Dyed-Lifted-Polyps,65,High,"Patient factors: Age 75, Smoking, Diabetes; Dyed-Lifted-Polyps (disease risk); Disease progression from Polyps"
R0006,P002,V0006,3,2026-01-10,Dyed-Resection-Margins,60,High,"Patient factors: Age 75, Smoking, Diabetes; Dyed-Resection-Margins (disease risk); Disease progression from Dyed-Lifted-Polyps"
R0007,P003,V0007,1,2025-01-15,Normal-Cecum,10,Low,Patient factors: BMI 33.2; Normal-Cecum (healthy)
R0008,P003,V0008,2,2025-07-14,Esophagitis,40,Medium,Patient factors: BMI 33.2; Esophagitis (disease risk); Disease progression from Normal-Cecum
R0009,P003,V0009,3,2026-01-10,Polyps,60,High,Patient factors: BMI 33.2; Polyps (disease risk); Disease progression from Esophagitis
R0010,P004,V0010,1,2025-01-15,Normal-Z-Line,10,Low,Patient factors: Hypertension; Normal-Z-Line (healthy)
R0011,P004,V0011,2,2025-07-14,Esophagitis,40,Medium,Patient factors: Hypertension; Esophagitis (disease risk); Disease progression from Normal-Z-Line
R0012,P004,V0012,3,2026-01-10,Esophagitis,30,Medium,Patient factors: Hypertension; Esophagitis (disease risk); Stable chronic condition
R0013,P004,V0013,4,2026-07-09,Polyps,60,High,Patient factors: Hypertension; Polyps (disease risk); Disease progression from Esophagitis
R0014,P005,V0014,1,2025-01-15,Normal-Pylorus,15,Low,Patient factors: Family history of GI disease; Normal-Pylorus (healthy)
R0015,P005,V0015,2,2025-07-14,Normal-Pylorus,15,Low,Patient factors: Family history of GI disease; Normal-Pylorus (healthy)
R0016,P005,V0016,3,2026-01-10,Normal-Pylorus,15,Low,Patient factors: Family history of GI disease; Normal-Pylorus (healthy)
R0017,P006,V0017,1,2025-01-15,Normal-Cecum,85,Very High,"Patient factors: Age 79, Smoking, Alcohol use, Diabetes, Hypertension, Family history of GI disease, BMI 35.1; Normal-Cecum (healthy)"
R0018,P006,V0018,2,2025-07-14,Esophagitis,115,Very High,"Patient factors: Age 79, Smoking, Alcohol use, Diabetes, Hypertension, Family history of GI disease, BMI 35.1; Esophagitis (disease risk); Disease progression from Normal-Cecum"
R0019,P006,V0019,3,2026-01-10,Polyps,135,Very High,"Patient factors: Age 79, Smoking, Alcohol use, Diabetes, Hypertension, Family history of GI disease, BMI 35.1; Polyps (disease risk); Disease progression from Esophagitis"
R0020,P007,V0020,1,2025-01-15,Normal-Cecum,25,Medium,"Patient factors: Diabetes, Family history of GI disease; Normal-Cecum (healthy)"
R0021,P007,V0021,2,2025-07-14,Esophagitis,55,High,"Patient factors: Diabetes, Family history of GI disease; Esophagitis (disease risk); Disease progression from Normal-Cecum"
R0022,P007,V0022,3,2026-01-10,Polyps,75,Very High,"Patient factors: Diabetes, Family history of GI disease; Polyps (disease risk); Disease progression from Esophagitis"
R0023,P008,V0023,1,2025-01-15,Polyps,50,High,"Patient factors: Alcohol use, Hypertension; Polyps (disease risk)"
R0024,P008,V0024,2,2025-07-14,Dyed-Lifted-Polyps,35,Medium,"Patient factors: Alcohol use, Hypertension; Dyed-Lifted-Polyps (disease risk); Disease progression from Polyps"
R0025,P008,V0025,3,2026-01-10,Dyed-Resection-Margins,30,Medium,"Patient factors: Alcohol use, Hypertension; Dyed-Resection-Margins (disease risk); Disease progression from Dyed-Lifted-Polyps"
R0026,P009,V0026,1,2025-01-15,Normal-Cecum,20,Low,Patient factors: Age 64; Normal-Cecum (healthy)
R0027,P009,V0027,2,2025-07-14,Esophagitis,50,High,Patient factors: Age 64; Esophagitis (disease risk); Disease progression from Normal-Cecum
R0028,P009,V0028,3,2026-01-10,Polyps,70,High,Patient factors: Age 64; Polyps (disease risk); Disease progression from Esophagitis
R0029,P010,V0029,1,2025-01-15,Normal-Cecum,50,High,"Patient factors: Age 79, Smoking, Alcohol use, BMI 41.9; Normal-Cecum (healthy)"
R0030,P010,V0030,2,2025-07-14,Normal-Cecum,50,High,"Patient factors: Age 79, Smoking, Alcohol use, BMI 41.9; Normal-Cecum (healthy)"
R0031,P010,V0031,3,2026-01-10,Normal-Cecum,50,High,"Patient factors: Age 79, Smoking, Alcohol use, BMI 41.9; Normal-Cecum (healthy)"
R0032,P011,V0032,1,2025-01-15,Normal-Z-Line,25,Medium,"Patient factors: Smoking, Diabetes; Normal-Z-Line (healthy)"
R0033,P011,V0033,2,2025-07-14,Esophagitis,55,High,"Patient factors: Smoking, Diabetes; Esophagitis (disease risk); Disease progression from Normal-Z-Line"
R0034,P011,V0034,3,2026-01-10,Esophagitis,45,Medium,"Patient factors: Smoking, Diabetes; Esophagitis (disease risk); Stable chronic condition"
R0035,P011,V0035,4,2026-07-09,Polyps,75,Very High,"Patient factors: Smoking, Diabetes; Polyps (disease risk); Disease progression from Esophagitis"
R0036,P012,V0036,1,2025-01-15,Normal-Z-Line,30,Medium,"Patient factors: Alcohol use, Hypertension, Family history of GI disease; Normal-Z-Line (healthy)"
R0037,P012,V0037,2,2025-07-14,Normal-Z-Line,30,Medium,"Patient factors: Alcohol use, Hypertension, Family history of GI disease; Normal-Z-Line (healthy)"
R0038,P012,V0038,3,2026-01-10,Normal-Z-Line,30,Medium,"Patient factors: Alcohol use, Hypertension, Family history of GI disease; Normal-Z-Line (healthy)"
R0039,P013,V0039,1,2025-01-15,Normal-Z-Line,55,High,"Patient factors: Smoking, Alcohol use, Diabetes, Hypertension, Family history of GI disease; Normal-Z-Line (healthy)"
R0040,P013,V0040,2,2025-07-14,Esophagitis,85,Very High,"Patient factors: Smoking, Alcohol use, Diabetes, Hypertension, Family history of GI disease; Esophagitis (disease risk); Disease progression from Normal-Z-Line"
R0041,P013,V0041,3,2026-01-10,Esophagitis,75,Very High,"Patient factors: Smoking, Alcohol use, Diabetes, Hypertension, Family history of GI disease; Esophagitis (disease risk); Stable chronic condition"
R0042,P013,V0042,4,2026-07-09,Polyps,105,Very High,"Patient factors: Smoking, Alcohol use, Diabetes, Hypertension, Family history of GI disease; Polyps (disease risk); Disease progression from Esophagitis"
R0043,P014,V0043,1,2025-01-15,Normal-Cecum,30,Medium,"Patient factors: Smoking, Family history of GI disease; Normal-Cecum (healthy)"
R0044,P014,V0044,2,2025-07-14,Esophagitis,60,High,"Patient factors: Smoking, Family history of GI disease; Esophagitis (disease risk); Disease progression from Normal-Cecum"
R0045,P014,V0045,3,2026-01-10,Polyps,80,Very High,"Patient factors: Smoking, Family history of GI disease; Polyps (disease risk); Disease progression from Esophagitis"
R0046,P015,V0046,1,2025-01-15,Polyps,90,Very High,"Patient factors: Smoking, Alcohol use, Diabetes, Hypertension, Family history of GI disease; Polyps (disease risk)"
R0047,P015,V0047,2,2025-07-14,Dyed-Lifted-Polyps,75,Very High,"Patient factors: Smoking, Alcohol use, Diabetes, Hypertension, Family history of GI disease; Dyed-Lifted-Polyps (disease risk); Disease progression from Polyps"
R0048,P015,V0048,3,2026-01-10,Dyed-Resection-Margins,70,High,"Patient factors: Smoking, Alcohol use, Diabetes, Hypertension, Family history of GI disease; Dyed-Resection-Margins (disease risk); Disease progression from Dyed-Lifted-Polyps"
R0049,P016,V0049,1,2025-01-15,Polyps,55,High,"Patient factors: Smoking, Alcohol use; Polyps (disease risk)"
R0050,P016,V0050,2,2025-07-14,Dyed-Lifted-Polyps,40,Medium,"Patient factors: Smoking, Alcohol use; Dyed-Lifted-Polyps (disease risk); Disease progression from Polyps"
R0051,P016,V0051,3,2026-01-10,Dyed-Resection-Margins,35,Medium,"Patient factors: Smoking, Alcohol use; Dyed-Resection-Margins (disease risk); Disease progression from Dyed-Lifted-Polyps"
R0052,P017,V0052,1,2025-01-15,Normal-Z-Line,20,Low,"Patient factors: Smoking, Alcohol use; Normal-Z-Line (healthy)"
R0053,P017,V0053,2,2025-07-14,Esophagitis,50,High,"Patient factors: Smoking, Alcohol use; Esophagitis (disease risk); Disease progression from Normal-Z-Line"
R0054,P017,V0054,3,2026-01-10,Esophagitis,40,Medium,"Patient factors: Smoking, Alcohol use; Esophagitis (disease risk); Stable chronic condition"
R0055,P017,V0055,4,2026-07-09,Polyps,70,High,"Patient factors: Smoking, Alcohol use; Polyps (disease risk); Disease progression from Esophagitis"
R0056,P018,V0056,1,2025-01-15,Polyps,90,Very High,"Patient factors: Smoking, Alcohol use, Hypertension, Family history of GI disease, BMI 35.1; Polyps (disease risk)"
R0057,P018,V0057,2,2025-07-14,Dyed-Lifted-Polyps,75,Very High,"Patient factors: Smoking, Alcohol use, Hypertension, Family history of GI disease, BMI 35.1; Dyed-Lifted-Polyps (disease risk); Disease progression from Polyps"
R0058,P018,V0058,3,2026-01-10,Dyed-Resection-Margins,70,High,"Patient factors: Smoking, Alcohol use, Hypertension, Family history of GI disease, BMI 35.1; Dyed-Resection-Margins (disease risk); Disease progression from Dyed-Lifted-Polyps"
R0059,P019,V0059,1,2025-01-15,Esophagitis,70,High,"Patient factors: Smoking, Alcohol use, Diabetes, Hypertension, BMI 31.2; Esophagitis (disease risk)"
R0060,P019,V0060,2,2025-07-14,Esophagitis,70,High,"Patient factors: Smoking, Alcohol use, Diabetes, Hypertension, BMI 31.2; Esophagitis (disease risk); Stable chronic condition"
R0061,P019,V0061,3,2026-01-10,Esophagitis,70,High,"Patient factors: Smoking, Alcohol use, Diabetes, Hypertension, BMI 31.2; Esophagitis (disease risk); Stable chronic condition"
R0062,P020,V0062,1,2025-01-15,Normal-Cecum,45,Medium,"Patient factors: Smoking, Diabetes, Hypertension, BMI 36.2; Normal-Cecum (healthy)"
R0063,P020,V0063,2,2025-07-14,Normal-Cecum,45,Medium,"Patient factors: Smoking, Diabetes, Hypertension, BMI 36.2; Normal-Cecum (healthy)"
R0064,P020,V0064,3,2026-01-10,Normal-Cecum,45,Medium,"Patient factors: Smoking, Diabetes, Hypertension, BMI 36.2; Normal-Cecum (healthy)"
R0065,P021,V0065,1,2025-01-15,Esophagitis,105,Very High,"Patient factors: Age 78, Smoking, Alcohol use, Diabetes, Hypertension, Family history of GI disease, BMI 31.6; Esophagitis (disease risk)"
R0066,P021,V0066,2,2025-07-14,Esophagitis,105,Very High,"Patient factors: Age 78, Smoking, Alcohol use, Diabetes, Hypertension, Family history of GI disease, BMI 31.6; Esophagitis (disease risk); Stable chronic condition"
R0067,P021,V0067,3,2026-01-10,Esophagitis,105,Very High,"Patient factors: Age 78, Smoking, Alcohol use, Diabetes, Hypertension, Family history of GI disease, BMI 31.6; Esophagitis (disease risk); Stable chronic condition"
R0068,P022,V0068,1,2025-01-15,Normal-Z-Line,25,Medium,"Patient factors: Alcohol use, Diabetes, Hypertension; Normal-Z-Line (healthy)"
R0069,P022,V0069,2,2025-07-14,Esophagitis,55,High,"Patient factors: Alcohol use, Diabetes, Hypertension; Esophagitis (disease risk); Disease progression from Normal-Z-Line"
R0070,P022,V0070,3,2026-01-10,Esophagitis,45,Medium,"Patient factors: Alcohol use, Diabetes, Hypertension; Esophagitis (disease risk); Stable chronic condition"
R0071,P022,V0071,4,2026-07-09,Polyps,75,Very High,"Patient factors: Alcohol use, Diabetes, Hypertension; Polyps (disease risk); Disease progression from Esophagitis"
R0072,P023,V0072,1,2025-01-15,Esophagitis,30,Medium,Patient factors: BMI 30.0; Esophagitis (disease risk)
R0073,P023,V0073,2,2025-07-14,Esophagitis,30,Medium,Patient factors: BMI 30.0; Esophagitis (disease risk); Stable chronic condition
R0074,P023,V0074,3,2026-01-10,Esophagitis,30,Medium,Patient factors: BMI 30.0; Esophagitis (disease risk); Stable chronic condition
R0075,P024,V0075,1,2025-01-15,Normal-Pylorus,70,High,"Patient factors: Age 79, Smoking, Diabetes, Hypertension, Family history of GI disease; Normal-Pylorus (healthy)"
R0076,P024,V0076,2,2025-07-14,Normal-Pylorus,70,High,"Patient factors: Age 79, Smoking, Diabetes, Hypertension, Family history of GI disease; Normal-Pylorus (healthy)"
R0077,P024,V0077,3,2026-01-10,Normal-Pylorus,70,High,"Patient factors: Age 79, Smoking, Diabetes, Hypertension, Family history of GI disease; Normal-Pylorus (healthy)"
R0078,P025,V0078,1,2025-01-15,Normal-Z-Line,45,Medium,"Patient factors: Smoking, Alcohol use, Family history of GI disease, BMI 32.4; Normal-Z-Line (healthy)"
R0079,P025,V0079,2,2025-07-14,Esophagitis,75,Very High,"Patient factors: Smoking, Alcohol use, Family history of GI disease, BMI 32.4; Esophagitis (disease risk); Disease progression from Normal-Z-Line"
R0080,P025,V0080,3,2026-01-10,Esophagitis,65,High,"Patient factors: Smoking, Alcohol use, Family history of GI disease, BMI 32.4; Esophagitis (disease risk); Stable chronic condition"
R0081,P025,V0081,4,2026-07-09,Polyps,95,Very High,"Patient factors: Smoking, Alcohol use, Family history of GI disease, BMI 32.4; Polyps (disease risk); Disease progression from Esophagitis"
R0082,P026,V0082,1,2025-01-15,Normal-Cecum,30,Medium,"Patient factors: Smoking, Family history of GI disease; Normal-Cecum (healthy)"
R0083,P026,V0083,2,2025-07-14,Normal-Cecum,30,Medium,"Patient factors: Smoking, Family history of GI disease; Normal-Cecum (healthy)"
R0084,P026,V0084,3,2026-01-10,Normal-Cecum,30,Medium,"Patient factors: Smoking, Family history of GI disease; Normal-Cecum (healthy)"
R0085,P027,V0085,1,2025-01-15,Normal-Z-Line,35,Medium,"Patient factors: Age 76, Alcohol use, Hypertension; Normal-Z-Line (healthy)"
R0086,P027,V0086,2,2025-07-14,Normal-Z-Line,35,Medium,"Patient factors: Age 76, Alcohol use, Hypertension; Normal-Z-Line (healthy)"
R0087,P027,V0087,3,2026-01-10,Normal-Z-Line,35,Medium,"Patient factors: Age 76, Alcohol use, Hypertension; Normal-Z-Line (healthy)"
R0088,P028,V0088,1,2025-01-15,Normal-Cecum,70,High,"Patient factors: Age 66, Alcohol use, Diabetes, Hypertension, Family history of GI disease, BMI 32.0; Normal-Cecum (healthy)"
R0089,P028,V0089,2,2025-07-14,Esophagitis,100,Very High,"Patient factors: Age 66, Alcohol use, Diabetes, Hypertension, Family history of GI disease, BMI 32.0; Esophagitis (disease risk); Disease progression from Normal-Cecum"
R0090,P028,V0090,3,2026-01-10,Polyps,120,Very High,"Patient factors: Age 66, Alcohol use, Diabetes, Hypertension, Family history of GI disease, BMI 32.0; Polyps (disease risk); Disease progression from Esophagitis"
R0091,P029,V0091,1,2025-01-15,Ulcerative-Colitis,70,High,"Patient factors: Age 73, Diabetes, Hypertension; Ulcerative-Colitis (disease risk)"
R0092,P029,V0092,2,2025-07-14,Ulcerative-Colitis,70,High,"Patient factors: Age 73, Diabetes, Hypertension; Ulcerative-Colitis (disease risk); Stable chronic condition"
R0093,P029,V0093,3,2026-01-10,Ulcerative-Colitis,70,High,"Patient factors: Age 73, Diabetes, Hypertension; Ulcerative-Colitis (disease risk); Stable chronic condition"
R0094,P029,V0094,4,2026-07-09,Ulcerative-Colitis,70,High,"Patient factors: Age 73, Diabetes, Hypertension; Ulcerative-Colitis (disease risk); Stable chronic condition"
R0095,P030,V0095,1,2025-01-15,Normal-Z-Line,15,Low,Patient factors: Smoking; Normal-Z-Line (healthy)
R0096,P030,V0096,2,2025-07-14,Esophagitis,45,Medium,Patient factors: Smoking; Esophagitis (disease risk); Disease progression from Normal-Z-Line
R0097,P030,V0097,3,2026-01-10,Esophagitis,35,Medium,Patient factors: Smoking; Esophagitis (disease risk); Stable chronic condition
R0098,P030,V0098,4,2026-07-09,Polyps,65,High,Patient factors: Smoking; Polyps (disease risk); Disease progression from Esophagitis
R0099,P031,V0099,1,2025-01-15,Ulcerative-Colitis,90,Very High,"Patient factors: Smoking, Diabetes, Hypertension, Family history of GI disease, BMI 42.3; Ulcerative-Colitis (disease risk)"
R0100,P031,V0100,2,2025-07-14,Ulcerative-Colitis,90,Very High,"Patient factors: Smoking, Diabetes, Hypertension, Family history of GI disease, BMI 42.3; Ulcerative-Colitis (disease risk); Stable chronic condition"
R0101,P031,V0101,3,2026-01-10,Ulcerative-Colitis,90,Very High,"Patient factors: Smoking, Diabetes, Hypertension, Family history of GI disease, BMI 42.3; Ulcerative-Colitis (disease risk); Stable chronic condition"
R0102,P031,V0102,4,2026-07-09,Ulcerative-Colitis,90,Very High,"Patient factors: Smoking, Diabetes, Hypertension, Family history of GI disease, BMI 42.3; Ulcerative-Colitis (disease risk); Stable chronic condition"
R0103,P032,V0103,1,2025-01-15,Normal-Z-Line,35,Medium,"Patient factors: Hypertension, Family history of GI disease, BMI 40.5; Normal-Z-Line (healthy)"
R0104,P032,V0104,2,2025-07-14,Esophagitis,65,High,"Patient factors: Hypertension, Family history of GI disease, BMI 40.5; Esophagitis (disease risk); Disease progression from Normal-Z-Line"
R0105,P032,V0105,3,2026-01-10,Esophagitis,55,High,"Patient factors: Hypertension, Family history of GI disease, BMI 40.5; Esophagitis (disease risk); Stable chronic condition"
R0106,P032,V0106,4,2026-07-09,Polyps,85,Very High,"Patient factors: Hypertension, Family history of GI disease, BMI 40.5; Polyps (disease risk); Disease progression from Esophagitis"
R0107,P033,V0107,1,2025-01-15,Ulcerative-Colitis,70,High,"Patient factors: Age 65, Alcohol use, Family history of GI disease; Ulcerative-Colitis (disease risk)"
R0108,P033,V0108,2,2025-07-14,Ulcerative-Colitis,70,High,"Patient factors: Age 65, Alcohol use, Family history of GI disease; Ulcerative-Colitis (disease risk); Stable chronic condition"
R0109,P033,V0109,3,2026-01-10,Ulcerative-Colitis,70,High,"Patient factors: Age 65, Alcohol use, Family history of GI disease; Ulcerative-Colitis (disease risk); Stable chronic condition"
R0110,P033,V0110,4,2026-07-09,Ulcerative-Colitis,70,High,"Patient factors: Age 65, Alcohol use, Family history of GI disease; Ulcerative-Colitis (disease risk); Stable chronic condition"
R0111,P034,V0111,1,2025-01-15,Esophagitis,45,Medium,"Patient factors: Alcohol use, Diabetes, Hypertension; Esophagitis (disease risk)"
R0112,P034,V0112,2,2025-07-14,Esophagitis,45,Medium,"Patient factors: Alcohol use, Diabetes, Hypertension; Esophagitis (disease risk); Stable chronic condition"
R0113,P034,V0113,3,2026-01-10,Esophagitis,45,Medium,"Patient factors: Alcohol use, Diabetes, Hypertension; Esophagitis (disease risk); Stable chronic condition"
R0114,P035,V0114,1,2025-01-15,Normal-Cecum,10,Low,Patient factors: Diabetes; Normal-Cecum (healthy)
R0115,P035,V0115,2,2025-07-14,Esophagitis,40,Medium,Patient factors: Diabetes; Esophagitis (disease risk); Disease progression from Normal-Cecum
R0116,P035,V0116,3,2026-01-10,Polyps,60,High,Patient factors: Diabetes; Polyps (disease risk); Disease progression from Esophagitis
R0117,P036,V0117,1,2025-01-15,Polyps,50,High,"Patient factors: Alcohol use, Diabetes; Polyps (disease risk)"
R0118,P036,V0118,2,2025-07-14,Polyps,50,High,"Patient factors: Alcohol use, Diabetes; Polyps (disease risk); Stable chronic condition"
R0119,P036,V0119,3,2026-01-10,Polyps,50,High,"Patient factors: Alcohol use, Diabetes; Polyps (disease risk); Stable chronic condition"
R0120,P037,V0120,1,2025-01-15,Ulcerative-Colitis,50,High,"Patient factors: Alcohol use, Family history of GI disease; Ulcerative-Colitis (disease risk)"
R0121,P037,V0121,2,2025-07-14,Ulcerative-Colitis,50,High,"Patient factors: Alcohol use, Family history of GI disease; Ulcerative-Colitis (disease risk); Stable chronic condition"
R0122,P037,V0122,3,2026-01-10,Ulcerative-Colitis,50,High,"Patient factors: Alcohol use, Family history of GI disease; Ulcerative-Colitis (disease risk); Stable chronic condition"
R0123,P037,V0123,4,2026-07-09,Ulcerative-Colitis,50,High,"Patient factors: Alcohol use, Family history of GI disease; Ulcerative-Colitis (disease risk); Stable chronic condition"
R0124,P038,V0124,1,2025-01-15,Normal-Cecum,50,High,"Patient factors: Smoking, Diabetes, Hypertension, Family history of GI disease; Normal-Cecum (healthy)"
R0125,P038,V0125,2,2025-07-14,Esophagitis,80,Very High,"Patient factors: Smoking, Diabetes, Hypertension, Family history of GI disease; Esophagitis (disease risk); Disease progression from Normal-Cecum"
R0126,P038,V0126,3,2026-01-10,Polyps,100,Very High,"Patient factors: Smoking, Diabetes, Hypertension, Family history of GI disease; Polyps (disease risk); Disease progression from Esophagitis"
R0127,P039,V0127,1,2025-01-15,Normal-Z-Line,15,Low,"Patient factors: Alcohol use, BMI 32.6; Normal-Z-Line (healthy)"
R0128,P039,V0128,2,2025-07-14,Esophagitis,45,Medium,"Patient factors: Alcohol use, BMI 32.6; Esophagitis (disease risk); Disease progression from Normal-Z-Line"
R0129,P039,V0129,3,2026-01-10,Esophagitis,35,Medium,"Patient factors: Alcohol use, BMI 32.6; Esophagitis (disease risk); Stable chronic condition"
R0130,P039,V0130,4,2026-07-09,Polyps,65,High,"Patient factors: Alcohol use, BMI 32.6; Polyps (disease risk); Disease progression from Esophagitis"
R0131,P040,V0131,1,2025-01-15,Normal-Z-Line,50,High,"Patient factors: Age 73, Smoking, Alcohol use, BMI 32.1; Normal-Z-Line (healthy)"
R0132,P040,V0132,2,2025-07-14,Esophagitis,80,Very High,"Patient factors: Age 73, Smoking, Alcohol use, BMI 32.1; Esophagitis (disease risk); Disease progression from Normal-Z-Line"
R0133,P040,V0133,3,2026-01-10,Esophagitis,70,High,"Patient factors: Age 73, Smoking, Alcohol use, BMI 32.1; Esophagitis (disease risk); Stable chronic condition"
R0134,P040,V0134,4,2026-07-09,Polyps,100,Very High,"Patient factors: Age 73, Smoking, Alcohol use, BMI 32.1; Polyps (disease risk); Disease progression from Esophagitis"
R0135,P041,V0135,1,2025-01-15,Polyps,75,Very High,"Patient factors: Alcohol use, Diabetes, Hypertension, Family history of GI disease; Polyps (disease risk)"
R0136,P041,V0136,2,2025-07-14,Dyed-Lifted-Polyps,60,High,"Patient factors: Alcohol use, Diabetes, Hypertension, Family history of GI disease; Dyed-Lifted-Polyps (disease risk); Disease progression from Polyps"
R0137,P041,V0137,3,2026-01-10,Dyed-Resection-Margins,55,High,"Patient factors: Alcohol use, Diabetes, Hypertension, Family history of GI disease; Dyed-Resection-Margins (disease risk); Disease progression from Dyed-Lifted-Polyps"
R0138,P042,V0138,1,2025-01-15,Ulcerative-Colitis,60,High,"Patient factors: Alcohol use, Hypertension, Family history of GI disease; Ulcerative-Colitis (disease risk)"
R0139,P042,V0139,2,2025-07-14,Ulcerative-Colitis,60,High,"Patient factors: Alcohol use, Hypertension, Family history of GI disease; Ulcerative-Colitis (disease risk); Stable chronic condition"
R0140,P042,V0140,3,2026-01-10,Ulcerative-Colitis,60,High,"Patient factors: Alcohol use, Hypertension, Family history of GI disease; Ulcerative-Colitis (disease risk); Stable chronic condition"
R0141,P042,V0141,4,2026-07-09,Ulcerative-Colitis,60,High,"Patient factors: Alcohol use, Hypertension, Family history of GI disease; Ulcerative-Colitis (disease risk); Stable chronic condition"
R0142,P043,V0142,1,2025-01-15,Esophagitis,35,Medium,"Patient factors: Alcohol use, BMI 32.9; Esophagitis (disease risk)"
R0143,P043,V0143,2,2025-07-14,Esophagitis,35,Medium,"Patient factors: Alcohol use, BMI 32.9; Esophagitis (disease risk); Stable chronic condition"
R0144,P043,V0144,3,2026-01-10,Esophagitis,35,Medium,"Patient factors: Alcohol use, BMI 32.9; Esophagitis (disease risk); Stable chronic condition"
R0145,P044,V0145,1,2025-01-15,Esophagitis,40,Medium,"Patient factors: Alcohol use, Family history of GI disease; Esophagitis (disease risk)"
R0146,P044,V0146,2,2025-07-14,Esophagitis,40,Medium,"Patient factors: Alcohol use, Family history of GI disease; Esophagitis (disease risk); Stable chronic condition"
R0147,P044,V0147,3,2026-01-10,Esophagitis,40,Medium,"Patient factors: Alcohol use, Family history of GI disease; Esophagitis (disease risk); Stable chronic condition"
R0148,P045,V0148,1,2025-01-15,Polyps,90,Very High,"Patient factors: Age 68, Hypertension, Family history of GI disease, BMI 30.8; Polyps (disease risk)"
R0149,P045,V0149,2,2025-07-14,Polyps,90,Very High,"Patient factors: Age 68, Hypertension, Family history of GI disease, BMI 30.8; Polyps (disease risk); Stable chronic condition"
R0150,P045,V0150,3,2026-01-10,Polyps,90,Very High,"Patient factors: Age 68, Hypertension, Family history of GI disease, BMI 30.8; Polyps (disease risk); Stable chronic condition"
R0151,P046,V0151,1,2025-01-15,Normal-Z-Line,35,Medium,"Patient factors: Age 71, Alcohol use, Hypertension; Normal-Z-Line (healthy)"
R0152,P046,V0152,2,2025-07-14,Normal-Z-Line,35,Medium,"Patient factors: Age 71, Alcohol use, Hypertension; Normal-Z-Line (healthy)"
R0153,P046,V0153,3,2026-01-10,Normal-Z-Line,35,Medium,"Patient factors: Age 71, Alcohol use, Hypertension; Normal-Z-Line (healthy)"
R0154,P047,V0154,1,2025-01-15,Ulcerative-Colitis,65,High,"Patient factors: Age 64, Alcohol use, Hypertension; Ulcerative-Colitis (disease risk)"
R0155,P047,V0155,2,2025-07-14,Ulcerative-Colitis,65,High,"Patient factors: Age 64, Alcohol use, Hypertension; Ulcerative-Colitis (disease risk); Stable chronic condition"
R0156,P047,V0156,3,2026-01-10,Ulcerative-Colitis,65,High,"Patient factors: Age 64, Alcohol use, Hypertension; Ulcerative-Colitis (disease risk); Stable chronic condition"
R0157,P047,V0157,4,2026-07-09,Ulcerative-Colitis,65,High,"Patient factors: Age 64, Alcohol use, Hypertension; Ulcerative-Colitis (disease risk); Stable chronic condition"
R0158,P048,V0158,1,2025-01-15,Normal-Cecum,35,Medium,"Patient factors: Diabetes, Family history of GI disease, BMI 31.9; Normal-Cecum (healthy)"
R0159,P048,V0159,2,2025-07-14,Esophagitis,65,High,"Patient factors: Diabetes, Family history of GI disease, BMI 31.9; Esophagitis (disease risk); Disease progression from Normal-Cecum"
R0160,P048,V0160,3,2026-01-10,Polyps,85,Very High,"Patient factors: Diabetes, Family history of GI disease, BMI 31.9; Polyps (disease risk); Disease progression from Esophagitis"
R0161,P049,V0161,1,2025-01-15,Polyps,65,High,"Patient factors: Alcohol use, Diabetes, Family history of GI disease; Polyps (disease risk)"
R0162,P049,V0162,2,2025-07-14,Polyps,65,High,"Patient factors: Alcohol use, Diabetes, Family history of GI disease; Polyps (disease risk); Stable chronic condition"
R0163,P049,V0163,3,2026-01-10,Polyps,65,High,"Patient factors: Alcohol use, Diabetes, Family history of GI disease; Polyps (disease risk); Stable chronic condition"
R0164,P050,V0164,1,2025-01-15,Normal-Cecum,45,Medium,"Patient factors: Smoking, Alcohol use, Diabetes, Family history of GI disease; Normal-Cecum (healthy)"
R0165,P050,V0165,2,2025-07-14,Esophagitis,75,Very High,"Patient factors: Smoking, Alcohol use, Diabetes, Family history of GI disease; Esophagitis (disease risk); Disease progression from Normal-Cecum"
R0166,P050,V0166,3,2026-01-10,Polyps,95,Very High,"Patient factors: Smoking, Alcohol use, Diabetes, Family history of GI disease; Polyps (disease risk); Disease progression from Esophagitis"
